{
  "lang":"en",
  "name":"pipeline",
  "version":"0.0.0",
  "spacy_version":">=3.8.7,<3.9.0",
  "description":"",
  "author":"",
  "email":"",
  "url":"",
  "license":"",
  "spacy_git_version":"4b65aa7",
  "vectors":{
    "width":0,
    "vectors":0,
    "keys":0,
    "name":null,
    "mode":"default"
  },
  "labels":{
    "transformer":[

    ],
    "ner":[
      "COMMODITY",
      "COMPANY",
      "CONCEPT",
      "CURRENCY",
      "GPE",
      "PERSON"
    ]
  },
  "pipeline":[
    "transformer",
    "ner"
  ],
  "components":[
    "transformer",
    "ner"
  ],
  "disabled":[

  ],
  "performance":{
    "ents_f":0.9061309318,
    "ents_p":0.8986602542,
    "ents_r":0.9137268599,
    "ents_per_type":{
      "COMMODITY":{
        "p":0.921875,
        "r":0.8805970149,
        "f":0.9007633588
      },
      "COMPANY":{
        "p":0.88443519,
        "r":0.9061333333,
        "f":0.8951527924
      },
      "PERSON":{
        "p":0.9435336976,
        "r":0.9557195572,
        "f":0.9495875344
      },
      "CONCEPT":{
        "p":0.9261363636,
        "r":0.9209039548,
        "f":0.9235127479
      },
      "CURRENCY":{
        "p":0.8790322581,
        "r":0.947826087,
        "f":0.9121338912
      },
      "GPE":{
        "p":0.6923076923,
        "r":0.45,
        "f":0.5454545455
      }
    },
    "transformer_loss":269.7779412581,
    "ner_loss":535.4505004883
  }
}