{
  "lang":"en",
  "name":"pipeline",
  "version":"0.0.0",
  "spacy_version":">=3.8.7,<3.9.0",
  "description":"",
  "author":"",
  "email":"",
  "url":"",
  "license":"",
  "spacy_git_version":"4b65aa7",
  "vectors":{
    "width":0,
    "vectors":0,
    "keys":0,
    "name":null,
    "mode":"default"
  },
  "labels":{
    "tok2vec":[

    ],
    "ner":[
      "COMMODITY",
      "COMPANY",
      "CONCEPT",
      "CURRENCY",
      "GPE",
      "PERSON"
    ]
  },
  "pipeline":[
    "tok2vec",
    "ner"
  ],
  "components":[
    "tok2vec",
    "ner"
  ],
  "disabled":[

  ],
  "performance":{
    "ents_f":0.8664961637,
    "ents_p":0.8598984772,
    "ents_r":0.8731958763,
    "ents_per_type":{
      "COMPANY":{
        "p":0.8517756047,
        "r":0.8522142122,
        "f":0.851994852
      },
      "COMMODITY":{
        "p":0.8120300752,
        "r":0.8709677419,
        "f":0.8404669261
      },
      "CONCEPT":{
        "p":0.8473684211,
        "r":0.9360465116,
        "f":0.8895027624
      },
      "PERSON":{
        "p":0.9321428571,
        "r":0.9439421338,
        "f":0.9380053908
      },
      "CURRENCY":{
        "p":0.8148148148,
        "r":0.8979591837,
        "f":0.854368932
      },
      "GPE":{
        "p":0.3333333333,
        "r":0.3333333333,
        "f":0.3333333333
      }
    },
    "tok2vec_loss":773.4417922343,
    "ner_loss":1023.8294677734
  }
}