{
  "lang":"en",
  "name":"pipeline",
  "version":"0.0.0",
  "spacy_version":">=3.8.7,<3.9.0",
  "description":"",
  "author":"",
  "email":"",
  "url":"",
  "license":"",
  "spacy_git_version":"4b65aa7",
  "vectors":{
    "width":0,
    "vectors":0,
    "keys":0,
    "name":null,
    "mode":"default"
  },
  "labels":{
    "tok2vec":[

    ],
    "ner":[
      "COMMODITY",
      "COMPANY",
      "CONCEPT",
      "CURRENCY",
      "GPE",
      "PERSON"
    ]
  },
  "pipeline":[
    "tok2vec",
    "ner"
  ],
  "components":[
    "tok2vec",
    "ner"
  ],
  "disabled":[

  ],
  "performance":{
    "ents_f":0.8642395373,
    "ents_p":0.8557951482,
    "ents_r":0.8728522337,
    "ents_per_type":{
      "COMPANY":{
        "p":0.8401206637,
        "r":0.8604531411,
        "f":0.8501653523
      },
      "COMMODITY":{
        "p":0.828125,
        "r":0.8548387097,
        "f":0.8412698413
      },
      "CONCEPT":{
        "p":0.8350515464,
        "r":0.9418604651,
        "f":0.8852459016
      },
      "PERSON":{
        "p":0.9351351351,
        "r":0.9351351351,
        "f":0.9351351351
      },
      "CURRENCY":{
        "p":0.8666666667,
        "r":0.7959183673,
        "f":0.829787234
      },
      "GPE":{
        "p":0.3333333333,
        "r":0.2105263158,
        "f":0.2580645161
      }
    },
    "tok2vec_loss":645.4026877817,
    "ner_loss":1144.900390625
  }
}