{
  "lang":"en",
  "name":"pipeline",
  "version":"0.0.0",
  "spacy_version":">=3.8.7,<3.9.0",
  "description":"",
  "author":"",
  "email":"",
  "url":"",
  "license":"",
  "spacy_git_version":"4b65aa7",
  "vectors":{
    "width":0,
    "vectors":0,
    "keys":0,
    "name":null,
    "mode":"default"
  },
  "labels":{
    "tok2vec":[

    ],
    "ner":[
<<<<<<< HEAD
      "COMMODITY",
      "COMPANY",
      "CONCEPT",
      "CURRENCY",
      "GPE",
      "PERSON"
=======
      "COMPANY"
>>>>>>> 0c7a91301b9b257ab82a8210e4d96d90849cba52
    ]
  },
  "pipeline":[
    "tok2vec",
    "ner"
  ],
  "components":[
    "tok2vec",
    "ner"
  ],
  "disabled":[

  ],
  "performance":{
<<<<<<< HEAD
    "ents_f":0.8551917352,
    "ents_p":0.8574438202,
    "ents_r":0.8529514495,
    "ents_per_type":{
      "COMMODITY":{
        "p":0.8646616541,
        "r":0.8582089552,
        "f":0.861423221
      },
      "COMPANY":{
        "p":0.8443835616,
        "r":0.8218666667,
        "f":0.832972973
      },
      "PERSON":{
        "p":0.896373057,
        "r":0.9575645756,
        "f":0.9259589652
      },
      "CURRENCY":{
        "p":0.8387096774,
        "r":0.9043478261,
        "f":0.870292887
      },
      "CONCEPT":{
        "p":0.9075144509,
        "r":0.8870056497,
        "f":0.8971428571
      },
      "GPE":{
        "p":0.4285714286,
        "r":0.3,
        "f":0.3529411765
      }
    },
    "tok2vec_loss":606.1801767304,
    "ner_loss":842.0073852539
=======
    "ents_f":0.8198307134,
    "ents_p":0.8333333333,
    "ents_r":0.8067586863,
    "ents_per_type":{
      "COMPANY":{
        "p":0.8333333333,
        "r":0.8067586863,
        "f":0.8198307134
      }
    },
    "tok2vec_loss":410.7039321098,
    "ner_loss":776.4051513672
>>>>>>> 0c7a91301b9b257ab82a8210e4d96d90849cba52
  }
}