{
  "lang":"en",
  "name":"pipeline",
  "version":"0.0.0",
  "spacy_version":">=3.8.7,<3.9.0",
  "description":"",
  "author":"",
  "email":"",
  "url":"",
  "license":"",
  "spacy_git_version":"4b65aa7",
  "vectors":{
    "width":0,
    "vectors":0,
    "keys":0,
    "name":null,
    "mode":"default"
  },
  "labels":{
    "tok2vec":[

    ],
    "ner":[
      "COMMODITY",
      "COMPANY",
      "CONCEPT",
      "CURRENCY",
      "GPE",
      "PERSON"
    ]
  },
  "pipeline":[
    "tok2vec",
    "ner"
  ],
  "components":[
    "tok2vec",
    "ner"
  ],
  "disabled":[

  ],
  "performance":{
    "ents_f":0.872085048,
    "ents_p":0.870294319,
    "ents_r":0.8738831615,
    "ents_per_type":{
      "COMPANY":{
        "p":0.8581780538,
        "r":0.8537590113,
        "f":0.8559628291
      },
      "COMMODITY":{
        "p":0.8760330579,
        "r":0.8548387097,
        "f":0.8653061224
      },
      "CONCEPT":{
        "p":0.876344086,
        "r":0.9476744186,
        "f":0.9106145251
      },
      "PERSON":{
        "p":0.941923775,
        "r":0.938517179,
        "f":0.9402173913
      },
      "CURRENCY":{
        "p":0.8,
        "r":0.9387755102,
        "f":0.8638497653
      },
      "GPE":{
        "p":0.2941176471,
        "r":0.2380952381,
        "f":0.2631578947
      }
    },
    "tok2vec_loss":656.0670898111,
    "ner_loss":1984.6798095703
  }
}