{
  "lang":"en",
  "name":"pipeline",
  "version":"0.0.0",
  "spacy_version":">=3.8.7,<3.9.0",
  "description":"",
  "author":"",
  "email":"",
  "url":"",
  "license":"",
  "spacy_git_version":"4b65aa7",
  "vectors":{
    "width":0,
    "vectors":0,
    "keys":0,
    "name":null,
    "mode":"default"
  },
  "labels":{
    "tok2vec":[

    ],
    "ner":[
      "COMMODITY",
      "COMPANY",
      "CONCEPT",
      "CURRENCY",
      "GPE",
      "PERSON"
    ]
  },
  "pipeline":[
    "tok2vec",
    "ner"
  ],
  "components":[
    "tok2vec",
    "ner"
  ],
  "disabled":[

  ],
  "performance":{
    "ents_f":0.873955313,
    "ents_p":0.867592279,
    "ents_r":0.8804123711,
    "ents_per_type":{
      "COMPANY":{
        "p":0.8563365829,
        "r":0.859423275,
        "f":0.8578771524
      },
      "COMMODITY":{
        "p":0.9107142857,
        "r":0.8225806452,
        "f":0.8644067797
      },
      "CONCEPT":{
        "p":0.9425287356,
        "r":0.9534883721,
        "f":0.9479768786
      },
      "PERSON":{
        "p":0.8903654485,
        "r":0.9657657658,
        "f":0.92653414
      },
      "CURRENCY":{
        "p":0.8073394495,
        "r":0.8979591837,
        "f":0.8502415459
      },
      "GPE":{
        "p":0.4285714286,
        "r":0.1578947368,
        "f":0.2307692308
      }
    },
    "tok2vec_loss":413.9419312201,
    "ner_loss":2114.5744628906
  }
}