{
  "lang":"en",
  "name":"pipeline",
  "version":"0.0.0",
  "spacy_version":">=3.8.7,<3.9.0",
  "description":"",
  "author":"",
  "email":"",
  "url":"",
  "license":"",
  "spacy_git_version":"4b65aa7",
  "vectors":{
    "width":0,
    "vectors":0,
    "keys":0,
    "name":null,
    "mode":"default"
  },
  "labels":{
    "tok2vec":[

    ],
    "ner":[
<<<<<<< HEAD
      "COMMODITY",
      "COMPANY",
      "CONCEPT",
      "CURRENCY",
      "GPE",
      "PERSON"
=======
      "COMPANY"
>>>>>>> 0c7a91301b9b257ab82a8210e4d96d90849cba52
    ]
  },
  "pipeline":[
    "tok2vec",
    "ner"
  ],
  "components":[
    "tok2vec",
    "ner"
  ],
  "disabled":[

  ],
  "performance":{
<<<<<<< HEAD
    "ents_f":0.8646318331,
    "ents_p":0.8538828338,
    "ents_r":0.8756549074,
    "ents_per_type":{
      "COMMODITY":{
        "p":0.8656716418,
        "r":0.8656716418,
        "f":0.8656716418
      },
      "COMPANY":{
        "p":0.8365136668,
        "r":0.8650666667,
        "f":0.850550603
      },
      "PERSON":{
        "p":0.9090909091,
        "r":0.9409594096,
        "f":0.92475068
      },
      "CURRENCY":{
        "p":0.8442622951,
        "r":0.8956521739,
        "f":0.8691983122
      },
      "CONCEPT":{
        "p":0.9053254438,
        "r":0.8644067797,
        "f":0.8843930636
      },
      "GPE":{
        "p":0.2727272727,
        "r":0.15,
        "f":0.1935483871
      }
    },
    "tok2vec_loss":736.8927722035,
    "ner_loss":1889.2374267578
=======
    "ents_f":0.8231911835,
    "ents_p":0.828750603,
    "ents_r":0.8177058544,
    "ents_per_type":{
      "COMPANY":{
        "p":0.828750603,
        "r":0.8177058544,
        "f":0.8231911835
      }
    },
    "tok2vec_loss":381.6046698172,
    "ner_loss":1585.2966308594
>>>>>>> 0c7a91301b9b257ab82a8210e4d96d90849cba52
  }
}