{
  "lang":"en",
  "name":"pipeline",
  "version":"0.0.0",
  "spacy_version":">=3.8.7,<3.9.0",
  "description":"",
  "author":"",
  "email":"",
  "url":"",
  "license":"",
  "spacy_git_version":"4b65aa7",
  "vectors":{
    "width":0,
    "vectors":0,
    "keys":0,
    "name":null,
    "mode":"default"
  },
  "labels":{
    "transformer":[

    ],
    "ner":[
      "COMMODITY",
      "COMPANY",
      "CONCEPT",
      "CURRENCY",
      "GPE",
      "PERSON"
    ]
  },
  "pipeline":[
    "transformer",
    "ner"
  ],
  "components":[
    "transformer",
    "ner"
  ],
  "disabled":[

  ],
  "performance":{
    "ents_f":0.9015347474,
    "ents_p":0.8903269755,
    "ents_r":0.913028292,
    "ents_per_type":{
      "COMMODITY":{
        "p":0.8785714286,
        "r":0.9179104478,
        "f":0.897810219
      },
      "COMPANY":{
        "p":0.8755832037,
        "r":0.9008,
        "f":0.8880126183
      },
      "PERSON":{
        "p":0.9422382671,
        "r":0.963099631,
        "f":0.9525547445
      },
      "CURRENCY":{
        "p":0.8780487805,
        "r":0.9391304348,
        "f":0.9075630252
      },
      "CONCEPT":{
        "p":0.9269662921,
        "r":0.9322033898,
        "f":0.9295774648
      },
      "GPE":{
        "p":0.5833333333,
        "r":0.35,
        "f":0.4375
      }
    },
    "transformer_loss":176.8333109764,
    "ner_loss":284.3043212891
  }
}